"Daniel Prado",danna.pverano@gmail.com,qweqw,9a938f51c7298d328a2801b01b21ed9e9840a0a1c43da
"Diana Carolina",asdasdad.asdas@gmail.com,papa,0e6e84887f4b6372847b5602f3320da2683186a5013d6
"Daniel Prado",gfghgsdf@gmail.com,lolo,4797c2c94e9936d69313124db894e6155273c81a85447
nombre_completo,correo,usuario,clave
"Daniel Prado",danna.pverano@gmail.com,qweqw,9a938f51c7298d328a2801b01b21ed9e9840a0a1c43da
"Diana Carolina",asdasdad.asdas@gmail.com,papa,0e6e84887f4b6372847b5602f3320da2683186a5013d6
"Daniel Prado",gfghgsdf@gmail.com,lolo,4797c2c94e9936d69313124db894e6155273c81a85447
"Daniel Prado",Daniel.pverano@gmail.com,Dani,ba3253876aed6bc22d4a6ff53d8406c6ad864195ed144
nombre_completo,correo,usuario,clave
"Diana Carolina",asdasdad.asdas@gmail.com,papa,0e6e84887f4b6372847b5602f3320da2683186a5013d6
"Daniel Prado",gfghgsdf@gmail.com,lolo,4797c2c94e9936d69313124db894e6155273c81a85447
123qwerfzsfasd,2q1354rqea3re,afwretwe4rg,3e0700e1eaf54be27b1d2b1e769592ebe6d3c1372091d
nombre_completo,correo,usuario,clave
"Diana Carolina",asdasdad.asdas@gmail.com,papa,0e6e84887f4b6372847b5602f3320da2683186a5013d6
"Daniel Prado",gfghgsdf@gmail.com,lolo,4797c2c94e9936d69313124db894e6155273c81a85447
123qwerfzsfasd,2q1354rqea3re,afwretwe4rg,3e0700e1eaf54be27b1d2b1e769592ebe6d3c1372091d
nombre_completo,correo,usuario,clave
"Diana Carolina",asdasdad.asdas@gmail.com,papa,0e6e84887f4b6372847b5602f3320da2683186a5013d6
"Daniel Prado",gfghgsdf@gmail.com,lolo,4797c2c94e9936d69313124db894e6155273c81a85447
123qwerfzsfasd,2q1354rqea3re,afwretwe4rg,3e0700e1eaf54be27b1d2b1e769592ebe6d3c1372091d
nombre_completo,correo,usuario,clave
"Diana Carolina",asdasdad.asdas@gmail.com,papa,0e6e84887f4b6372847b5602f3320da2683186a5013d6
"Daniel Prado",gfghgsdf@gmail.com,lolo,4797c2c94e9936d69313124db894e6155273c81a85447
123qwerfzsfasd,2q1354rqea3re,afwretwe4rg,3e0700e1eaf54be27b1d2b1e769592ebe6d3c1372091d
nombre_completo,correo,usuario,clave
"Diana Carolina",asdasdad.asdas@gmail.com,papa,0e6e84887f4b6372847b5602f3320da2683186a5013d6
"Daniel Prado",gfghgsdf@gmail.com,lolo,4797c2c94e9936d69313124db894e6155273c81a85447
123qwerfzsfasd,2q1354rqea3re,afwretwe4rg,3e0700e1eaf54be27b1d2b1e769592ebe6d3c1372091d
nombre_completo,correo,usuario,clave
"Diana Carolina",asdasdad.asdas@gmail.com,papa,0e6e84887f4b6372847b5602f3320da2683186a5013d6
123qwerfzsfasd,2q1354rqea3re,afwretwe4rg,3e0700e1eaf54be27b1d2b1e769592ebe6d3c1372091d
nombre_completo,correo,usuario,clave
"Diana Carolina",asdasdad.asdas@gmail.com,papa,0e6e84887f4b6372847b5602f3320da2683186a5013d6
123qwerfzsfasd,2q1354rqea3re,afwretwe4rg,3e0700e1eaf54be27b1d2b1e769592ebe6d3c1372091d
nombre_completo,correo,usuario,clave
nombre_completo,correo,usuario,clave
"Daniel Prado",Daniel.pverano@gmail.com,Dani,3c9909afec25354d551dae21590bb26e38d53f2173b8d3dc3eee4c047e7ab1c1eb8b85103e3be7ba613b31bb5c9c36214dc9f14a42fd7a2fdb84856bca5c44c2
nombre_completo,correo,usuario,clave
"Diana Carolina",danna.pverano@gmail.com,Danna,d404559f602eab6fd602ac7680dacbfaadd13630335e951f097af3900e9de176b6db28512f2e000b9d04fba5133e8b1c6e8df59db3a8ab9d60be4b97cc9e81db
nombre_completo,correo,usuario,clave
nombre_completo,correo,usuario,clave
